<?xml version="1.0"?>
<psalm
    totallyTyped="true"
    xmlns:xsi="http://www.w3.org/2001/XMLSchema-instance"
    xmlns="https://getpsalm.org/schema/config"
    xsi:schemaLocation="https://getpsalm.org/schema/config"
>
    <projectFiles>
        <directory name="src"/>
        <ignoreFiles>
            <directory name="vendor"/>
        </ignoreFiles>
    </projectFiles>

    <issueHandlers>
        <LessSpecificReturnType errorLevel="info"/>
    </issueHandlers>
    <plugins>
        <pluginClass class="Psalm\LaravelPlugin\Plugin"/>
    </plugins>
</psalm>
